{
  "timestamp": "2024-11-11 20:10:05",
  "config": {
    "n_episodes": 100,
    "n_steps": 100
  },
  "current_env": {
    "name": "Current",
    "total_time_seconds": 34.834897699973226,
    "reset_time": {
      "mean": 0.6394369998088223,
      "std": 0.1650150181410037,
      "min": 0.4994999981136061,
      "max": 1.8702000015764497,
      "p50": 0.602699999944889,
      "p95": 0.8047899989833239
    },
    "step_time": {
      "mean": 3.4740561300153785,
      "std": 0.6162473131851678,
      "min": 2.6925999991362914,
      "max": 12.96149999689078,
      "p50": 3.363700001500547,
      "p95": 4.255459999149024
    },
    "episode_time": {
      "mean": 348.34897699973226,
      "std": 22.65837408506296,
      "min": 319.359599998279,
      "max": 455.23599999796716,
      "p50": 344.36510000159615,
      "p95": 385.3590200023973
    },
    "rewards": {
      "mean": -0.5007016084629897,
      "std": 0.15548213354921836,
      "min": -1.0898898839950562,
      "max": 0.07434060424566269,
      "p50": -0.4998994767665863,
      "p95": -0.24661385044455528
    }
  },
  "old_env": {
    "name": "Old",
    "total_time_seconds": 113.89528869998685,
    "reset_time": {
      "mean": 0.639946999908716,
      "std": 0.29187233834638904,
      "min": 0.44829999751527794,
      "max": 2.849299999070354,
      "p50": 0.5638999991788296,
      "p95": 1.040725000348175
    },
    "step_time": {
      "mean": 11.361581540007318,
      "std": 4.374804682736634,
      "min": 3.674799998407252,
      "max": 48.91520000091987,
      "p50": 10.569599999143975,
      "p95": 19.126490002054197
    },
    "episode_time": {
      "mean": 1138.9528869998685,
      "std": 181.5517337017198,
      "min": 838.9729999980773,
      "max": 2069.8015999987547,
      "p50": 1107.5312000011763,
      "p95": 1418.0763599984857
    },
    "rewards": {
      "mean": -1.5432491445748122,
      "std": 0.7458582153622375,
      "min": -4.56883598441495,
      "max": -0.0908577515359168,
      "p50": -1.3632465959172673,
      "p95": -0.6161991839047832
    }
  }
}