{
  "timestamp": "2024-11-11 19:18:42",
  "env_version": "VocRecEnv2",
  "stats": {
    "total_time_seconds": 349.759974499902,
    "reset_time": {
      "mean": 0.5741257000154292,
      "std": 0.13473642872458583,
      "min": 0.4662000028474722,
      "max": 1.8182000021624845,
      "p50": 0.5330999993020669,
      "p95": 0.8096050019958057
    },
    "step_time": {
      "mean": 3.4892537749955954,
      "std": 4.3023799113666685,
      "min": 2.6612999972712714,
      "max": 1337.3872999982268,
      "p50": 3.302799999801209,
      "p95": 4.430500001035398
    },
    "episode_time": {
      "mean": 349.75997449990246,
      "std": 55.85869411984742,
      "min": 308.31620000026305,
      "max": 1696.0042999999132,
      "p50": 336.70189999975264,
      "p95": 421.0313699983089
    },
    "rewards": {
      "mean": -0.5002510814514384,
      "std": 0.15856125147054273,
      "min": -1.1496460437774658,
      "max": 0.15690860152244568,
      "p50": -0.5001761615276337,
      "p95": -0.23922270238399512
    }
  }
}