{
  "timestamp": "2024-11-11 18:53:55",
  "stats": {
    "total_time_seconds": 371.22319219998815,
    "reset_time": {
      "mean": 0.5830570999823976,
      "std": 0.15703515412346447,
      "min": 0.4703999984485563,
      "max": 2.3264000010385644,
      "p50": 0.5329999985406175,
      "p95": 0.8660250019602245
    },
    "step_time": {
      "mean": 3.703568285000256,
      "std": 4.477989791000696,
      "min": 2.690100001927931,
      "max": 1384.8336999981257,
      "p50": 3.464400000666501,
      "p95": 4.863609999301841
    },
    "episode_time": {
      "mean": 371.2231921999883,
      "std": 62.49122776243487,
      "min": 311.1855999995896,
      "max": 1705.726299998787,
      "p50": 354.06685000089055,
      "p95": 460.0276199989821
    },
    "rewards": {
      "mean": -0.4986289784773726,
      "std": 0.1576843657240168,
      "min": -1.1504782183716695,
      "max": 0.17316217863311367,
      "p50": -0.4984253980180559,
      "p95": -0.2399494654956895
    }
  }
}