{
  "timestamp": "2024-11-11 18:22:20",
  "stats": {
    "total_time_seconds": 1172.6376545000487,
    "reset_time": {
      "mean": 0.48189409991391585,
      "std": 0.13366691575019424,
      "min": 0.40159999844036065,
      "max": 2.214200001617428,
      "p50": 0.4488499998842599,
      "p95": 0.6378699990818858
    },
    "step_time": {
      "mean": 11.716083026998348,
      "std": 6.330091425665517,
      "min": 3.4911999973701313,
      "max": 1287.8086999990046,
      "p50": 10.736799998994684,
      "p95": 20.7211049979378
    },
    "episode_time": {
      "mean": 1172.6376545000494,
      "std": 210.80086810715704,
      "min": 781.5847000019858,
      "max": 2308.7268999988737,
      "p50": 1136.0152999986894,
      "p95": 1590.3984949984076
    },
    "rewards": {
      "mean": -1.1713280146805585,
      "std": 0.34811669738901674,
      "min": -2.859340002043779,
      "max": 0.08074133726657225,
      "p50": -1.1571644155696794,
      "p95": -0.6217457037939661
    }
  }
}